recipe_id,recipe_name,recipe_slug,category,meal_type,image_url,generated_at
"cmifeo3zm00dlkgeb6qpf7nut","Açaí Power Bowl","acai-power-bowl","Smoothies & Bowls","BREAKFAST","https://eje1nkkrfriueajy.public.blob.vercel-storage.com/recipes/cmifeo3zm00dlkgeb6qpf7nut.jpg","2025-11-26T03:28:24.325Z"
"cmifeo4ts00hekgebi5y5r28i","Almond Butter & Berry Toast","almond-butter-berry-toast","Pancakes, Waffles & Toast","BREAKFAST","https://eje1nkkrfriueajy.public.blob.vercel-storage.com/recipes/cmifeo4ts00hekgebi5y5r28i.jpg","2025-11-26T03:28:36.149Z"
"cmifeosji036hkgebxfti3jsw","Almond Butter Date Balls","almond-butter-date-balls","Energy Bites","SNACK","https://eje1nkkrfriueajy.public.blob.vercel-storage.com/recipes/cmifeosji036hkgebxfti3jsw.jpg","2025-11-26T03:28:47.334Z"
"cmifeov2303ibkgeb0js9b71l","Almond Flour Chocolate Chip Cookies","almond-flour-cookies","Sweet Treats","SNACK","https://eje1nkkrfriueajy.public.blob.vercel-storage.com/recipes/cmifeov2303ibkgeb0js9b71l.jpg","2025-11-26T03:28:58.832Z"
"cmifeoxpy03uckgebv99w6wzr","Anti-Inflammatory Power Smoothie","anti-inflammatory-smoothie","Anti-Inflammatory Snacks","SNACK","https://eje1nkkrfriueajy.public.blob.vercel-storage.com/recipes/cmifeoxpy03uckgebv99w6wzr.jpg","2025-11-26T03:29:09.848Z"
"cmifeovt303lkkgebmuae336w","Ants on a Log","ants-on-a-log","Snacks to Share","SNACK","https://eje1nkkrfriueajy.public.blob.vercel-storage.com/recipes/cmifeovt303lkkgebmuae336w.jpg","2025-11-26T03:29:21.512Z"
"cmifeovpl03l3kgebq6vmsp0k","Apple ""Nachos""","apple-nachos","Snacks to Share","SNACK","https://eje1nkkrfriueajy.public.blob.vercel-storage.com/recipes/cmifeovpl03l3kgebq6vmsp0k.jpg","2025-11-26T03:29:33.026Z"
"cmifeo13x003lkgebo8gynthh","Apple Cinnamon Baked Oatmeal","apple-cinnamon-baked-oatmeal","Oats & Grains","BREAKFAST","https://eje1nkkrfriueajy.public.blob.vercel-storage.com/recipes/cmifeo13x003lkgebo8gynthh.jpg","2025-11-26T03:29:43.929Z"
"cmifeo4jz00g8kgeb3vh2bm91","Apple Pie Yogurt Bowl","apple-pie-yogurt-bowl","Yogurt & Parfaits","BREAKFAST","https://eje1nkkrfriueajy.public.blob.vercel-storage.com/recipes/cmifeo4jz00g8kgeb3vh2bm91.jpg","2025-11-26T03:29:55.297Z"
"cmifeoquh0301kgebnyr94mma","Apple Slices with Almond Butter","apple-slices-almond-butter","Quick Grab Snacks","SNACK","https://eje1nkkrfriueajy.public.blob.vercel-storage.com/recipes/cmifeoquh0301kgebnyr94mma.jpg","2025-11-26T03:30:07.550Z"
"cmifeokoh0281kgebdnlfci4j","Asian Chicken Lettuce Wraps","chicken-lettuce-wraps-pf-changs-style","Asian Cuisine","DINNER","https://eje1nkkrfriueajy.public.blob.vercel-storage.com/recipes/cmifeokoh0281kgebdnlfci4j.jpg","2025-11-26T03:30:19.228Z"
"cmifeo6wg00onkgebpgzvtnw4","Asian Sesame Chicken Salad","asian-sesame-chicken-salad","Salads","LUNCH","https://eje1nkkrfriueajy.public.blob.vercel-storage.com/recipes/cmifeo6wg00onkgebpgzvtnw4.jpg","2025-11-26T03:30:30.991Z"
"cmifeoaer012gkgebcz1z0i5v","Avocado BLT (Turkey Bacon)","avocado-blt","Sandwiches & Wraps","LUNCH","https://eje1nkkrfriueajy.public.blob.vercel-storage.com/recipes/cmifeoaer012gkgebcz1z0i5v.jpg","2025-11-26T03:30:42.410Z"
"cmifeos2u034rkgeb2xb1mzvk","Avocado Half with Everything Seasoning","avocado-half-with-everything","Quick Grab Snacks","SNACK","https://eje1nkkrfriueajy.public.blob.vercel-storage.com/recipes/cmifeos2u034rkgeb2xb1mzvk.jpg","2025-11-26T03:30:53.672Z"
"cmifeo29p007okgeb34uw49qm","Avocado Toast with Poached Egg","avocado-toast-with-poached-egg","Eggs & Savory","BREAKFAST","https://eje1nkkrfriueajy.public.blob.vercel-storage.com/recipes/cmifeo29p007okgeb34uw49qm.jpg","2025-11-26T03:31:04.914Z"
"cmifeot4i0399kgebe0wnd00m","Baba Ganoush","baba-ganoush","Savory Snacks","SNACK","https://eje1nkkrfriueajy.public.blob.vercel-storage.com/recipes/cmifeot4i0399kgebe0wnd00m.jpg","2025-11-26T03:31:16.905Z"
"cmifeoujc03fukgebe9e3bdr3","Baked Apple Chips","baked-apple-chips","Sweet Treats","SNACK","https://eje1nkkrfriueajy.public.blob.vercel-storage.com/recipes/cmifeoujc03fukgebe9e3bdr3.jpg","2025-11-26T03:31:28.209Z"
"cmifeooq802qkkgebyxftpzjw","Baked Chicken Fingers with Honey Mustard","baked-chicken-fingers","Family Favorites","DINNER","https://eje1nkkrfriueajy.public.blob.vercel-storage.com/recipes/cmifeooq802qkkgebyxftpzjw.jpg","2025-11-26T03:31:40.607Z"
"cmifeoe6l01hbkgebhz2ly42r","Baked Cod with Olive Tapenade","baked-cod-with-olive-tapenade","Seafood","DINNER","https://eje1nkkrfriueajy.public.blob.vercel-storage.com/recipes/cmifeoe6l01hbkgebhz2ly42r.jpg","2025-11-26T03:31:52.904Z"
"cmifeomyv02inkgeb7rsya242","Baked Falafel Plate","baked-falafel-plate","Middle Eastern","DINNER","https://eje1nkkrfriueajy.public.blob.vercel-storage.com/recipes/cmifeomyv02inkgeb7rsya242.jpg","2025-11-26T03:32:04.217Z"
"cmifeopy602w0kgebovl4q3zi","Baked Mac & Cheese (Lightened)","baked-mac-and-cheese","Family Favorites","DINNER","https://eje1nkkrfriueajy.public.blob.vercel-storage.com/recipes/cmifeopy602w0kgebovl4q3zi.jpg","2025-11-26T03:32:15.014Z"
"cmifeogzu01t5kgebip6ipqaq","Balsamic Glazed Chicken Thighs","balsamic-glazed-chicken-thighs","Poultry","DINNER","https://eje1nkkrfriueajy.public.blob.vercel-storage.com/recipes/cmifeogzu01t5kgebip6ipqaq.jpg","2025-11-26T03:32:27.135Z"
"cmifeo1fe004wkgebomis0j66","Banana Nut Oat Bran","banana-nut-oat-bran","Oats & Grains","BREAKFAST","https://eje1nkkrfriueajy.public.blob.vercel-storage.com/recipes/cmifeo1fe004wkgebomis0j66.jpg","2025-11-26T03:32:38.306Z"
"cmifeovvt03lwkgeb9snfur8l","Banana Sushi","banana-sushi","Snacks to Share","SNACK","https://eje1nkkrfriueajy.public.blob.vercel-storage.com/recipes/cmifeovvt03lwkgeb9snfur8l.jpg","2025-11-26T03:32:48.883Z"
"cmifeo5m700knkgebbppczjgs","Banana with Almond Butter","banana-with-almond-butter","Quick & Simple","BREAKFAST","https://eje1nkkrfriueajy.public.blob.vercel-storage.com/recipes/cmifeo5m700knkgebbppczjgs.jpg","2025-11-26T03:33:00.364Z"
"cmifeophh02ugkgeb95bt5zt7","BBQ Chicken Stuffed Sweet Potatoes","bbq-chicken-stuffed-sweet-potatoes","Family Favorites","DINNER","https://eje1nkkrfriueajy.public.blob.vercel-storage.com/recipes/cmifeophh02ugkgeb95bt5zt7.jpg","2025-11-26T03:33:11.839Z"
"cmifeoneg02kmkgeb52f9ywf9","Beef & Vegetable Stir-Fry","beef-vegetable-stir-fry","Lean Red Meat","DINNER","https://eje1nkkrfriueajy.public.blob.vercel-storage.com/recipes/cmifeoneg02kmkgeb52f9ywf9.jpg","2025-11-26T03:33:23.415Z"
"cmifeoqlv02z1kgeb08povs3z","Beef Tacos (Lean, Homemade Seasoning)","beef-tacos-homemade-seasoning","Family Favorites","DINNER","https://eje1nkkrfriueajy.public.blob.vercel-storage.com/recipes/cmifeoqlv02z1kgeb08povs3z.jpg","2025-11-26T03:33:35.249Z"
"cmifeo3hx00bykgebpb9bloyc","Berry Antioxidant Blast","berry-antioxidant-blast","Smoothies & Bowls","BREAKFAST","https://eje1nkkrfriueajy.public.blob.vercel-storage.com/recipes/cmifeo3hx00bykgebpb9bloyc.jpg","2025-11-26T03:33:46.809Z"
"cmifeouoc03gokgebf3ztq18g","Berry Chia Jam on Toast","berry-chia-jam","Sweet Treats","SNACK","https://eje1nkkrfriueajy.public.blob.vercel-storage.com/recipes/cmifeouoc03gokgebf3ztq18g.jpg","2025-11-26T03:33:58.764Z"
"cmifeovg403jrkgebl06hhi91","Berry Hibiscus Iced Tea","berry-hibiscus-tea","Beverages","BEVERAGE","https://eje1nkkrfriueajy.public.blob.vercel-storage.com/recipes/cmifeovg403jrkgebl06hhi91.jpg","2025-11-26T03:34:10.547Z"
"cmifeo91r00xtkgebjw6za201","Black Bean Soup with Lime","black-bean-soup-with-lime","Soups","LUNCH","https://eje1nkkrfriueajy.public.blob.vercel-storage.com/recipes/cmifeo91r00xtkgebjw6za201.jpg","2025-11-26T03:34:22.534Z"
"cmifeoib301yqkgebyrpyoig7","Black Bean Tacos","black-bean-tacos","Vegetarian & Plant-Based","DINNER","https://eje1nkkrfriueajy.public.blob.vercel-storage.com/recipes/cmifeoib301yqkgebyrpyoig7.jpg","2025-11-26T03:34:35.450Z"
"cmifeody701gakgebzc1wgs5p","Blackened Tilapia Tacos","blackened-tilapia-tacos","Seafood","DINNER","https://eje1nkkrfriueajy.public.blob.vercel-storage.com/recipes/cmifeody701gakgebzc1wgs5p.jpg","2025-11-26T03:34:47.556Z"
"cmifeooby02p3kgeb6w00831a","Broiled Lobster Tail with Herb Butter","lobster-tail-with-garlic-butter","Date Night","DINNER","https://eje1nkkrfriueajy.public.blob.vercel-storage.com/recipes/cmifeooby02p3kgeb6w00831a.jpg","2025-11-26T03:34:58.745Z"
"cmifeob6z014zkgebjqfybn3j","Buddha Bowl","buddha-bowl","Bowls","LUNCH","https://eje1nkkrfriueajy.public.blob.vercel-storage.com/recipes/cmifeob6z014zkgebjqfybn3j.jpg","2025-11-26T03:35:09.647Z"
"cmifeobo50171kgeb8ejoxbjh","Burrito Bowl","burrito-bowl","Bowls","LUNCH","https://eje1nkkrfriueajy.public.blob.vercel-storage.com/recipes/cmifeobo50171kgeb8ejoxbjh.jpg","2025-11-26T03:35:20.903Z"
"cmifeolpd02cekgebxoe7huvf","Butter Chicken (Lightened)","butter-chicken-lightened","Indian Cuisine","DINNER","https://eje1nkkrfriueajy.public.blob.vercel-storage.com/recipes/cmifeolpd02cekgebxoe7huvf.jpg","2025-11-26T03:35:31.626Z"
"cmifeo8uy00wokgeb9lw3zg5e","Butternut Squash Soup","butternut-squash-soup","Soups","LUNCH","https://eje1nkkrfriueajy.public.blob.vercel-storage.com/recipes/cmifeo8uy00wokgeb9lw3zg5e.jpg","2025-11-26T03:35:42.685Z"
"cmifeo9vw010skgebz5iugdzx","Caprese Panini","caprese-panini","Sandwiches & Wraps","LUNCH","https://eje1nkkrfriueajy.public.blob.vercel-storage.com/recipes/cmifeo9vw010skgebz5iugdzx.jpg","2025-11-26T03:35:53.782Z"
"cmifeoth503aukgeb8wrvuki9","Caprese Skewers","caprese-skewers","Savory Snacks","SNACK","https://eje1nkkrfriueajy.public.blob.vercel-storage.com/recipes/cmifeoth503aukgeb8wrvuki9.jpg","2025-11-26T03:36:05.431Z"
"cmifeoja0022lkgebgm166jef","Cauliflower Steaks with Chimichurri","cauliflower-steaks-chimichurri","Vegetarian & Plant-Based","DINNER","https://eje1nkkrfriueajy.public.blob.vercel-storage.com/recipes/cmifeoja0022lkgebgm166jef.jpg","2025-11-26T03:36:17.264Z"
"cmifeolja02bdkgeb8fpl8zct","Chana Masala (Chickpea Curry)","chana-masala","Indian Cuisine","DINNER","https://eje1nkkrfriueajy.public.blob.vercel-storage.com/recipes/cmifeolja02bdkgeb8fpl8zct.jpg","2025-11-26T03:36:28.719Z"
"cmifeo4g700fqkgebbx2kiyjh","Chia Pudding with Mango","chia-pudding-with-mango","Yogurt & Parfaits","BREAKFAST","https://eje1nkkrfriueajy.public.blob.vercel-storage.com/recipes/cmifeo4g700fqkgebbx2kiyjh.jpg","2025-11-26T03:36:40.535Z"
"cmifeou0p03cykgebm6jlakg3","Chia Seed Pudding","chia-seed-pudding-snack","Sweet Treats","SNACK","https://eje1nkkrfriueajy.public.blob.vercel-storage.com/recipes/cmifeou0p03cykgebm6jlakg3.jpg","2025-11-26T03:36:52.032Z"
"cmifeoh5n01tpkgebkmfdt7is","Chicken Cacciatore","chicken-cacciatore","Poultry","DINNER","https://eje1nkkrfriueajy.public.blob.vercel-storage.com/recipes/cmifeoh5n01tpkgebkmfdt7is.jpg","2025-11-26T03:37:03.622Z"
"cmifeomc602fpkgebk8u9dj6j","Chicken Enchiladas Verdes","chicken-enchiladas-verdes","Mexican/Latin","DINNER","https://eje1nkkrfriueajy.public.blob.vercel-storage.com/recipes/cmifeomc602fpkgebk8u9dj6j.jpg","2025-11-26T03:37:14.893Z"
"cmifeop6m02stkgebixqs003a","Chicken Fried Rice (Brown Rice)","chicken-fried-rice","Family Favorites","DINNER","https://eje1nkkrfriueajy.public.blob.vercel-storage.com/recipes/cmifeop6m02stkgebixqs003a.jpg","2025-11-26T03:37:25.851Z"
"cmifeognj01rlkgeb0n346lxn","Chicken Marsala with Mushrooms","chicken-marsala","Poultry","DINNER","https://eje1nkkrfriueajy.public.blob.vercel-storage.com/recipes/cmifeognj01rlkgeb0n346lxn.jpg","2025-11-26T03:37:36.706Z"
"cmifeod1i01cbkgebnvs4et8n","Chicken Noodle Soup","chicken-noodle-soup","Family Favorites","LUNCH","https://eje1nkkrfriueajy.public.blob.vercel-storage.com/recipes/cmifeod1i01cbkgebnvs4et8n.jpg","2025-11-26T03:37:47.423Z"
"cmifeop9m02tbkgebxitnzkz8","Chicken Parmesan (Baked)","baked-chicken-parmesan","Family Favorites","DINNER","https://eje1nkkrfriueajy.public.blob.vercel-storage.com/recipes/cmifeop9m02tbkgebxitnzkz8.jpg","2025-11-26T03:37:58.516Z"
"cmifeog7b01p9kgeb4vzw21pt","Chicken Piccata","chicken-piccata","Poultry","DINNER","https://eje1nkkrfriueajy.public.blob.vercel-storage.com/recipes/cmifeog7b01p9kgeb4vzw21pt.jpg","2025-11-26T03:38:11.155Z"
"cmifeoq8102x4kgebcgwf0gk7","Chicken Pot Pie Skillet","chicken-pot-pie-skillet","Family Favorites","DINNER","https://eje1nkkrfriueajy.public.blob.vercel-storage.com/recipes/cmifeoq8102x4kgebcgwf0gk7.jpg","2025-11-26T03:38:23.860Z"
"cmifeocii01aokgebnhh8k2av","Chicken Quesadilla with Guacamole","chicken-quesadilla","Family Favorites","LUNCH","https://eje1nkkrfriueajy.public.blob.vercel-storage.com/recipes/cmifeocii01aokgebnhh8k2av.jpg","2025-11-26T03:38:36.083Z"
"cmifeob1m0145kgebi1tl12fc","Chicken Shawarma Wrap","chicken-shawarma-wrap","Sandwiches & Wraps","LUNCH","https://eje1nkkrfriueajy.public.blob.vercel-storage.com/recipes/cmifeob1m0145kgebi1tl12fc.jpg","2025-11-26T03:39:34.042Z"
"cmifeogaz01pskgebm1o7h4nb","Chicken Souvlaki with Tzatziki","chicken-souvlaki-tzatziki","Poultry","DINNER","https://eje1nkkrfriueajy.public.blob.vercel-storage.com/recipes/cmifeogaz01pskgebm1o7h4nb.jpg","2025-11-26T03:39:45.716Z"
"cmifeogw401snkgebufq79u9g","Chicken Stir-Fry with Mixed Vegetables","chicken-stir-fry-vegetables","Poultry","DINNER","https://eje1nkkrfriueajy.public.blob.vercel-storage.com/recipes/cmifeogw401snkgebufq79u9g.jpg","2025-11-26T03:39:58.433Z"
"cmifeohjm01v9kgebswb5jy1v","Chicken Tikka Masala (Lightened)","chicken-tikka-masala-lightened","Poultry","DINNER","https://eje1nkkrfriueajy.public.blob.vercel-storage.com/recipes/cmifeohjm01v9kgebswb5jy1v.jpg","2025-11-26T03:40:10.220Z"
"cmifeomji02gpkgebwme3zq8n","Chicken Tortilla Soup","chicken-tortilla-soup","Mexican/Latin","DINNER","https://eje1nkkrfriueajy.public.blob.vercel-storage.com/recipes/cmifeomji02gpkgebwme3zq8n.jpg","2025-11-26T03:55:57.993Z"
"cmifeoi0t01wxkgebdc7iccd1","Chickpea Curry","chickpea-curry","Vegetarian & Plant-Based","DINNER","https://eje1nkkrfriueajy.public.blob.vercel-storage.com/recipes/cmifeoi0t01wxkgebdc7iccd1.jpg","2025-11-26T03:56:08.857Z"
"cmifeoulu03g8kgeb1rjc4nkv","Chocolate Avocado Mousse","chocolate-avocado-mousse","Sweet Treats","SNACK","https://eje1nkkrfriueajy.public.blob.vercel-storage.com/recipes/cmifeoulu03g8kgeb1rjc4nkv.jpg","2025-11-26T03:56:20.493Z"
"cmifeo3tw00d2kgebiqw0mdcj","Chocolate Cherry Recovery Smoothie","chocolate-cherry-recovery-smoothie","Smoothies & Bowls","BREAKFAST","https://eje1nkkrfriueajy.public.blob.vercel-storage.com/recipes/cmifeo3tw00d2kgebiqw0mdcj.jpg","2025-11-26T03:56:31.930Z"
"cmifeovjg03k8kgebazhie0si","Cinnamon Turmeric Coffee","cinnamon-turmeric-coffee","Beverages","BEVERAGE","https://eje1nkkrfriueajy.public.blob.vercel-storage.com/recipes/cmifeovjg03k8kgebazhie0si.jpg","2025-11-26T04:10:38.059Z"
"cmifeo60a00lmkgebgo5j7z9p","Classic Greek Salad","classic-greek-salad","Salads","LUNCH","https://eje1nkkrfriueajy.public.blob.vercel-storage.com/recipes/cmifeo60a00lmkgebgo5j7z9p.jpg","2025-11-26T04:10:50.584Z"
"cmifeoe2x01gtkgebmtoboenx","Coconut Curry Shrimp","coconut-curry-shrimp","Seafood","DINNER","https://eje1nkkrfriueajy.public.blob.vercel-storage.com/recipes/cmifeoe2x01gtkgebmtoboenx.jpg","2025-11-26T04:11:01.808Z"
"cmifeouqj03h3kgeb9rvp7soz","Coconut Date Rolls","coconut-date-rolls","Sweet Treats","SNACK","https://eje1nkkrfriueajy.public.blob.vercel-storage.com/recipes/cmifeouqj03h3kgeb9rvp7soz.jpg","2025-11-26T04:11:13.058Z"
"cmifeohuv01wdkgebx9gq293u","Coconut-Crusted Chicken Tenders","coconut-chicken-tenders","Poultry","DINNER","https://eje1nkkrfriueajy.public.blob.vercel-storage.com/recipes/cmifeohuv01wdkgebx9gq293u.jpg","2025-11-26T04:27:24.326Z"
"cmifeorpq033fkgebcewkjqco","Cottage Cheese with Fruit","cottage-cheese-with-fruit","Quick Grab Snacks","SNACK","https://eje1nkkrfriueajy.public.blob.vercel-storage.com/recipes/cmifeorpq033fkgebcewkjqco.jpg","2025-11-26T04:27:37.723Z"
"cmifeo5ff00jskgebprmzxwt4","Cottage Cheese with Peaches","cottage-cheese-with-peaches","Quick & Simple","BREAKFAST","https://eje1nkkrfriueajy.public.blob.vercel-storage.com/recipes/cmifeo5ff00jskgebprmzxwt4.jpg","2025-11-26T04:27:48.950Z"
"cmifeos5r0355kgebustobhh1","Crispy Roasted Chickpeas","roasted-chickpeas","Quick Grab Snacks","SNACK","https://eje1nkkrfriueajy.public.blob.vercel-storage.com/recipes/cmifeos5r0355kgebustobhh1.jpg","2025-11-26T04:28:00.474Z"
"cmifeofq001n9kgeb0qvptyvk","Crispy Salmon Patties","canned-salmon-patties","Seafood","DINNER","https://eje1nkkrfriueajy.public.blob.vercel-storage.com/recipes/cmifeofq001n9kgeb0qvptyvk.jpg","2025-11-26T04:44:11.537Z"
"cmifeoil101zrkgeb6utpcdvk","Crispy Tofu Stir-Fry","crispy-tofu-stir-fry","Vegetarian & Plant-Based","DINNER","https://eje1nkkrfriueajy.public.blob.vercel-storage.com/recipes/cmifeoil101zrkgeb6utpcdvk.jpg","2025-11-26T04:44:23.250Z"
"cmifeorl3032ykgebirjjr0i8","Cucumber Cream Cheese Bites","cucumber-cream-cheese-bites","Quick Grab Snacks","SNACK","https://eje1nkkrfriueajy.public.blob.vercel-storage.com/recipes/cmifeorl3032ykgebirjjr0i8.jpg","2025-11-26T04:44:35.987Z"
"cmifeovc503jckgebpvpis2gh","Cucumber Mint Infused Water","cucumber-mint-water","Beverages","BEVERAGE","https://eje1nkkrfriueajy.public.blob.vercel-storage.com/recipes/cmifeovc503jckgebpvpis2gh.jpg","2025-11-26T04:44:48.394Z"
"cmifeots903c6kgebe1na29op","Dark Chocolate & Almonds","dark-chocolate-almonds","Sweet Treats","SNACK","https://eje1nkkrfriueajy.public.blob.vercel-storage.com/recipes/cmifeots903c6kgebe1na29op.jpg","2025-11-26T04:44:59.514Z"
"cmifeoxdg03shkgebwkhte2pl","Deviled Eggs with Greek Yogurt","deviled-eggs","Protein Snacks","SNACK","https://eje1nkkrfriueajy.public.blob.vercel-storage.com/recipes/cmifeoxdg03shkgebwkhte2pl.jpg","2025-11-26T05:00:34.695Z"
"cmifeore00326kgeb5o4xrexu","Edamame","edamame-snack","Quick Grab Snacks","SNACK","https://eje1nkkrfriueajy.public.blob.vercel-storage.com/recipes/cmifeore00326kgeb5o4xrexu.jpg","2025-11-26T05:00:47.081Z"
"cmifeowz503qnkgeb5q74wmd3","Egg Salad Lettuce Wraps","egg-salad-lettuce-wraps","Protein Snacks","SNACK","https://eje1nkkrfriueajy.public.blob.vercel-storage.com/recipes/cmifeowz503qnkgeb5q74wmd3.jpg","2025-11-26T05:00:58.194Z"
"cmifeoit9020rkgebgquj9niq","Eggplant Parmesan (Baked)","eggplant-parmesan","Vegetarian & Plant-Based","DINNER","https://eje1nkkrfriueajy.public.blob.vercel-storage.com/recipes/cmifeoit9020rkgebgquj9niq.jpg","2025-11-26T05:01:09.489Z"
"cmifeowsz03prkgeb89uog8d9","Energy Balls Variety Pack","energy-balls-variety-pack","Snacks to Share","SNACK","https://eje1nkkrfriueajy.public.blob.vercel-storage.com/recipes/cmifeowsz03prkgeb89uog8d9.jpg","2025-11-26T05:09:06.929Z"
"cmifeobvn0189kgebzrk3l25z","Falafel Bowl","falafel-bowl","Bowls","LUNCH","https://eje1nkkrfriueajy.public.blob.vercel-storage.com/recipes/cmifeobvn0189kgebzrk3l25z.jpg","2025-11-26T05:09:17.604Z"
"cmifeoalz0131kgebwbh7aeav","Falafel Pita Pocket","falafel-pita-pocket","Sandwiches & Wraps","LUNCH","https://eje1nkkrfriueajy.public.blob.vercel-storage.com/recipes/cmifeoalz0131kgebwbh7aeav.jpg","2025-11-26T05:09:30.336Z"
"cmifeo7om00rokgebbde2f1m0","Farro & Roasted Vegetable Salad","farro-roasted-vegetable-salad","Salads","LUNCH","https://eje1nkkrfriueajy.public.blob.vercel-storage.com/recipes/cmifeo7om00rokgebbde2f1m0.jpg","2025-11-26T05:09:41.866Z"
"cmifeop2z02sbkgebll3pawkm","Fish Tacos with Slaw","fish-tacos-slaw","Family Favorites","DINNER","https://eje1nkkrfriueajy.public.blob.vercel-storage.com/recipes/cmifeop2z02sbkgebll3pawkm.jpg","2025-11-26T05:25:20.897Z"
"cmifeomfv02g7kgebh7rkbht7","Fish Veracruz Style","fish-veracruz","Mexican/Latin","DINNER","https://eje1nkkrfriueajy.public.blob.vercel-storage.com/recipes/cmifeomfv02g7kgebh7rkbht7.jpg","2025-11-26T05:25:33.147Z"
"cmifeotvr03cikgeb9gd1vm56","Frozen Banana Bites","frozen-banana-bites","Sweet Treats","SNACK","https://eje1nkkrfriueajy.public.blob.vercel-storage.com/recipes/cmifeotvr03cikgeb9gd1vm56.jpg","2025-11-26T05:25:44.183Z"
"cmifeovy503mbkgeb9mo7es4y","Frozen Fruit Pops","frozen-fruit-pops","Snacks to Share","SNACK","https://eje1nkkrfriueajy.public.blob.vercel-storage.com/recipes/cmifeovy503mbkgeb9mo7es4y.jpg","2025-11-26T05:25:55.908Z"
"cmifeodov01fakgebqjjg2j1a","Garlic Butter Shrimp with Zucchini Noodles","garlic-butter-shrimp-zucchini-noodles","Seafood","DINNER","https://eje1nkkrfriueajy.public.blob.vercel-storage.com/recipes/cmifeodov01fakgebqjjg2j1a.jpg","2025-11-26T05:51:39.820Z"
"cmifeoewp01k9kgeb9vlsvmho","Garlic Mussels in White Wine","garlic-mussels-white-wine","Seafood","DINNER","https://eje1nkkrfriueajy.public.blob.vercel-storage.com/recipes/cmifeoewp01k9kgeb9vlsvmho.jpg","2025-11-26T05:52:00.387Z"
"cmifeoxiy03tfkgeb6phebh2q","Ginger Glazed Carrot Sticks","ginger-carrot-sticks","Anti-Inflammatory Snacks","SNACK","https://eje1nkkrfriueajy.public.blob.vercel-storage.com/recipes/cmifeoxiy03tfkgeb6phebh2q.jpg","2025-11-26T05:52:24.538Z"
"cmifeougj03fgkgeb6gyk5qtz","Ginger Lemon Tea","ginger-lemon-tea","Beverages","BEVERAGE","https://eje1nkkrfriueajy.public.blob.vercel-storage.com/recipes/cmifeougj03fgkgeb6gyk5qtz.jpg","2025-11-26T05:52:44.888Z"
"cmifeol3o029nkgebig6uejx3","Ginger Sesame Seared Tuna","ginger-sesame-tuna","Asian Cuisine","DINNER","https://eje1nkkrfriueajy.public.blob.vercel-storage.com/recipes/cmifeol3o029nkgebig6uejx3.jpg","2025-11-26T06:09:07.045Z"
"cmifeoue003eykgeb6kinc2rb","Golden Milk (Turmeric Latte)","golden-milk","Beverages","BEVERAGE","https://eje1nkkrfriueajy.public.blob.vercel-storage.com/recipes/cmifeoue003eykgeb6kinc2rb.jpg","2025-11-26T06:09:18.845Z"
"cmifeo0bg001dkgebgq8tm0h4","Golden Turmeric Oatmeal","golden-turmeric-oatmeal","Oats & Grains","BREAKFAST","https://eje1nkkrfriueajy.public.blob.vercel-storage.com/recipes/cmifeo0bg001dkgebgq8tm0h4.jpg","2025-11-26T06:09:30.727Z"
"cmifeolwr02dlkgeba27doil4","Greek Lamb Meatballs with Tzatziki","greek-lamb-meatballs","Mediterranean","DINNER","https://eje1nkkrfriueajy.public.blob.vercel-storage.com/recipes/cmifeolwr02dlkgeba27doil4.jpg","2025-11-26T06:25:33.598Z"
"cmifeo8xw00xbkgebh4bau43y","Greek Lemon Chicken Soup (Avgolemono)","greek-lemon-chicken-soup","Soups","LUNCH","https://eje1nkkrfriueajy.public.blob.vercel-storage.com/recipes/cmifeo8xw00xbkgebh4bau43y.jpg","2025-11-26T06:25:48.868Z"
"cmifeo2ht008ckgebfcu5akjj","Greek Omelet","greek-omelet","Eggs & Savory","BREAKFAST","https://eje1nkkrfriueajy.public.blob.vercel-storage.com/recipes/cmifeo2ht008ckgebfcu5akjj.jpg","2025-11-26T06:26:07.884Z"
"cmifeoqh002ykkgeb8kfts8zm","Greek Turkey Burgers with Feta","turkey-burgers-greek-style","Family Favorites","DINNER","https://eje1nkkrfriueajy.public.blob.vercel-storage.com/recipes/cmifeoqh002ykkgeb8kfts8zm.jpg","2025-11-26T06:35:58.926Z"
"cmifeout703hfkgebbs40eggf","Greek Yogurt Berry Bark","greek-yogurt-berry-bark","Sweet Treats","SNACK","https://eje1nkkrfriueajy.public.blob.vercel-storage.com/recipes/cmifeout703hfkgebbs40eggf.jpg","2025-11-26T06:36:19.155Z"
"cmifeo47000enkgebocqdzu2l","Greek Yogurt Parfait","greek-yogurt-parfait","Yogurt & Parfaits","BREAKFAST","https://eje1nkkrfriueajy.public.blob.vercel-storage.com/recipes/cmifeo47000enkgebocqdzu2l.jpg","2025-11-26T06:36:30.396Z"
"cmifeoqxb030fkgebz4fzdfqz","Greek Yogurt with Berries","greek-yogurt-berries","Quick Grab Snacks","SNACK","https://eje1nkkrfriueajy.public.blob.vercel-storage.com/recipes/cmifeoqxb030fkgebz4fzdfqz.jpg","2025-11-26T06:36:43.269Z"
"cmifeo3ed00bdkgebee1aonqv","Green Goddess Smoothie","green-goddess-smoothie","Smoothies & Bowls","BREAKFAST","https://eje1nkkrfriueajy.public.blob.vercel-storage.com/recipes/cmifeo3ed00bdkgebee1aonqv.jpg","2025-11-26T06:52:50.934Z"
"cmifeoubi03ekkgebnz4ni433","Green Tea (Hot or Iced)","green-tea","Beverages","BEVERAGE","https://eje1nkkrfriueajy.public.blob.vercel-storage.com/recipes/cmifeoubi03ekkgebnz4ni433.jpg","2025-11-26T06:53:08.510Z"
"cmifeoceq01a2kgebctndqu41","Grilled Cheese & Tomato Soup","grilled-cheese-tomato-soup","Family Favorites","LUNCH","https://eje1nkkrfriueajy.public.blob.vercel-storage.com/recipes/cmifeoceq01a2kgebctndqu41.jpg","2025-11-26T06:53:22.150Z"
"cmifeohds01uqkgeb1ouaxff1","Grilled Chicken with Chimichurri","grilled-chicken-chimichurri","Poultry","DINNER","https://eje1nkkrfriueajy.public.blob.vercel-storage.com/recipes/cmifeohds01uqkgeb1ouaxff1.jpg","2025-11-26T07:09:37.252Z"
"cmifeonbn02k5kgebxraz92ag","Grilled Flank Steak with Chimichurri","grilled-flank-steak-chimichurri","Lean Red Meat","DINNER","https://eje1nkkrfriueajy.public.blob.vercel-storage.com/recipes/cmifeonbn02k5kgebxraz92ag.jpg","2025-11-26T07:09:49.998Z"
"cmifeom0n02e2kgeb97eomtxs","Grilled Lamb Chops with Herbs","grilled-lamb-chops-herbs","Mediterranean","DINNER","https://eje1nkkrfriueajy.public.blob.vercel-storage.com/recipes/cmifeom0n02e2kgeb97eomtxs.jpg","2025-11-26T07:10:02.009Z"
"cmifeoff701makgeb0gkm5kud","Grilled Sardines with Lemon & Herbs","grilled-sardines-lemon-herb","Seafood","DINNER","https://eje1nkkrfriueajy.public.blob.vercel-storage.com/recipes/cmifeoff701makgeb0gkm5kud.jpg","2025-11-26T07:10:14.461Z"
"cmifeosyq038dkgebmtx88j9h","Guacamole with Veggie Dippers","guacamole-with-veggie-dippers","Savory Snacks","SNACK","https://eje1nkkrfriueajy.public.blob.vercel-storage.com/recipes/cmifeosyq038dkgebmtx88j9h.jpg","2025-11-26T07:26:04.643Z"
"cmifeor1y030vkgebmpkdche9","Handful of Mixed Nuts","mixed-nuts-brazil","Quick Grab Snacks","SNACK","https://eje1nkkrfriueajy.public.blob.vercel-storage.com/recipes/cmifeor1y030vkgebmpkdche9.jpg","2025-11-26T07:26:16.710Z"
"cmifeor7r031pkgeb1gqy784t","Hard-Boiled Eggs","hard-boiled-eggs-snack","Quick Grab Snacks","SNACK","https://eje1nkkrfriueajy.public.blob.vercel-storage.com/recipes/cmifeor7r031pkgeb1gqy784t.jpg","2025-11-26T07:26:28.607Z"
"cmifeo59y00jbkgebrz29g0d5","Hard-Boiled Eggs with Fruit","hard-boiled-eggs-with-fruit","Quick & Simple","BREAKFAST","https://eje1nkkrfriueajy.public.blob.vercel-storage.com/recipes/cmifeo59y00jbkgebrz29g0d5.jpg","2025-11-26T07:26:41.016Z"
"cmifeoc8s019ikgebwjcsrxxx","Harvest Bowl","harvest-bowl","Bowls","LUNCH","https://eje1nkkrfriueajy.public.blob.vercel-storage.com/recipes/cmifeoc8s019ikgebwjcsrxxx.jpg","2025-11-26T07:42:51.795Z"
"cmifeoo8202olkgebkw9skoa9","Herb Crusted Rack of Lamb","herb-crusted-rack-of-lamb","Date Night","DINNER","https://eje1nkkrfriueajy.public.blob.vercel-storage.com/recipes/cmifeoo8202olkgebkw9skoa9.jpg","2025-11-26T07:43:07.515Z"
"cmifeoek701irkgebhr797wfm","Herb Crusted Tilapia","herb-crusted-tilapia","Seafood","DINNER","https://eje1nkkrfriueajy.public.blob.vercel-storage.com/recipes/cmifeoek701irkgebhr797wfm.jpg","2025-11-26T07:43:19.512Z"
"cmifeogs901s5kgebijuubnsv","Herb Roasted Turkey Breast","herb-roasted-turkey-breast","Poultry","DINNER","https://eje1nkkrfriueajy.public.blob.vercel-storage.com/recipes/cmifeogs901s5kgebijuubnsv.jpg","2025-11-26T07:43:31.361Z"
"cmifeoozd02rskgebsmzzd6p5","Homemade Pizza (Whole Wheat Crust)","homemade-pizza-whole-wheat","Family Favorites","DINNER","https://eje1nkkrfriueajy.public.blob.vercel-storage.com/recipes/cmifeoozd02rskgebsmzzd6p5.jpg","2025-11-26T07:43:43.452Z"
"cmifeowd003ntkgebhrlgp32o","Homemade Trail Mix","homemade-trail-mix","Snacks to Share","SNACK","https://eje1nkkrfriueajy.public.blob.vercel-storage.com/recipes/cmifeowd003ntkgebhrlgp32o.jpg","2025-11-26T07:59:24.533Z"
"cmifeox9l03s1kgeb4mqib3ne","Homemade Turkey Jerky","turkey-jerky-homemade","Protein Snacks","SNACK","https://eje1nkkrfriueajy.public.blob.vercel-storage.com/recipes/cmifeox9l03s1kgeb4mqib3ne.jpg","2025-11-26T07:59:37.427Z"
"cmifeo2om0091kgebe6h790yh","Huevos Rancheros (Healthified)","huevos-rancheros","Eggs & Savory","BREAKFAST","https://eje1nkkrfriueajy.public.blob.vercel-storage.com/recipes/cmifeo2om0091kgebe6h790yh.jpg","2025-11-26T07:59:49.782Z"
"cmifeoa0p011akgeb7zv1jdso","Hummus Veggie Wrap","hummus-veggie-wrap","Sandwiches & Wraps","LUNCH","https://eje1nkkrfriueajy.public.blob.vercel-storage.com/recipes/cmifeoa0p011akgeb7zv1jdso.jpg","2025-11-26T08:32:48.600Z"
"cmifeor510318kgebnswj261r","Hummus with Vegetable Sticks","hummus-vegetable-sticks","Quick Grab Snacks","SNACK","https://eje1nkkrfriueajy.public.blob.vercel-storage.com/recipes/cmifeor510318kgebnswj261r.jpg","2025-11-26T08:33:02.904Z"
"cmifeony202nlkgeb8ogl9h0z","Instant Pot Lentil Soup","instant-pot-lentil-soup","Slow Cooker","DINNER","https://eje1nkkrfriueajy.public.blob.vercel-storage.com/recipes/cmifeony202nlkgeb8ogl9h0z.jpg","2025-11-26T08:33:17.450Z"
"cmifeojzq025skgeb331e4d6v","Japanese Salmon Rice Bowl (Sake Don)","japanese-salmon-rice-bowl","Asian Cuisine","DINNER","https://eje1nkkrfriueajy.public.blob.vercel-storage.com/recipes/cmifeojzq025skgeb331e4d6v.jpg","2025-11-26T08:49:23.430Z"
"cmifeo6fw00n3kgebhic738zf","Kale Caesar with Chickpeas","kale-caesar-with-chickpeas","Salads","LUNCH","https://eje1nkkrfriueajy.public.blob.vercel-storage.com/recipes/cmifeo6fw00n3kgebhic738zf.jpg","2025-11-26T08:49:38.257Z"
"cmifeolmx02bxkgeb2j0olyyr","Kerala Fish Curry","fish-curry-kerala-style","Indian Cuisine","DINNER","https://eje1nkkrfriueajy.public.blob.vercel-storage.com/recipes/cmifeolmx02bxkgeb2j0olyyr.jpg","2025-11-26T08:49:53.217Z"
"cmifeok59026dkgeb2murf4a2","Korean Beef Lettuce Wraps (Bulgogi)","korean-beef-lettuce-wraps","Asian Cuisine","DINNER","https://eje1nkkrfriueajy.public.blob.vercel-storage.com/recipes/cmifeok59026dkgeb2murf4a2.jpg","2025-11-26T08:50:07.578Z"
"cmifeonkg02llkgebx76xhzsw","Lean Beef Meatballs in Marinara","lean-beef-meatballs-marinara","Lean Red Meat","DINNER","https://eje1nkkrfriueajy.public.blob.vercel-storage.com/recipes/cmifeonkg02llkgebx76xhzsw.jpg","2025-11-26T09:06:25.798Z"
"cmifeomv702i5kgeb5fmug2y8","Lebanese Chicken Shawarma Plate","lebanese-chicken-shawarma-plate","Middle Eastern","DINNER","https://eje1nkkrfriueajy.public.blob.vercel-storage.com/recipes/cmifeomv702i5kgeb5fmug2y8.jpg","2025-11-26T09:06:39.902Z"
"cmifeo8dz00ubkgebhv9f1se9","Lemon Chicken Orzo Soup","lemon-chicken-orzo-soup","Soups","LUNCH","https://eje1nkkrfriueajy.public.blob.vercel-storage.com/recipes/cmifeo8dz00ubkgebhv9f1se9.jpg","2025-11-26T09:06:54.495Z"
"cmifeodez01e2kgebkw717r09","Lemon Herb Baked Salmon","lemon-herb-baked-salmon","Seafood","DINNER","https://eje1nkkrfriueajy.public.blob.vercel-storage.com/recipes/cmifeodez01e2kgebkw717r09.jpg","2025-11-26T09:07:08.098Z"
"cmifeofyh01o8kgeblpp82hoo","Lemon Rosemary Roast Chicken","lemon-rosemary-roast-chicken","Poultry","DINNER","https://eje1nkkrfriueajy.public.blob.vercel-storage.com/recipes/cmifeofyh01o8kgeblpp82hoo.jpg","2025-11-26T09:07:21.884Z"
"cmifeoeru01jrkgebohkbbebv","Lemon Sole with Brown Butter & Capers","lemon-sole-with-brown-butter","Seafood","DINNER","https://eje1nkkrfriueajy.public.blob.vercel-storage.com/recipes/cmifeoeru01jrkgebohkbbebv.jpg","2025-11-26T09:07:36.237Z"
"cmifeo7zq00spkgebqkqdxqa1","Lemony Lentil Salad","lemony-lentil-salad","Salads","LUNCH","https://eje1nkkrfriueajy.public.blob.vercel-storage.com/recipes/cmifeo7zq00spkgebqkqdxqa1.jpg","2025-11-26T09:07:50.969Z"
"cmifeoi6z01xvkgebdes09kob","Lentil Bolognese","lentil-bolognese","Vegetarian & Plant-Based","DINNER","https://eje1nkkrfriueajy.public.blob.vercel-storage.com/recipes/cmifeoi6z01xvkgebdes09kob.jpg","2025-11-26T09:08:05.136Z"
"cmifeoda101dikgeby1gfs1nd","Loaded Sweet Potato","loaded-sweet-potato","Family Favorites","LUNCH","https://eje1nkkrfriueajy.public.blob.vercel-storage.com/recipes/cmifeoda101dikgeby1gfs1nd.jpg","2025-11-26T09:08:19.272Z"
"cmifeofk201mrkgebtn4kq16d","Mackerel with Honey Mustard Glaze","mackerel-with-mustard-glaze","Seafood","DINNER","https://eje1nkkrfriueajy.public.blob.vercel-storage.com/recipes/cmifeofk201mrkgebtn4kq16d.jpg","2025-11-26T09:24:29.003Z"
"cmifeo18b004akgeb1gbolhhx","Maple Walnut Quinoa Porridge","maple-walnut-quinoa-porridge","Oats & Grains","BREAKFAST","https://eje1nkkrfriueajy.public.blob.vercel-storage.com/recipes/cmifeo18b004akgeb1gbolhhx.jpg","2025-11-26T09:24:43.171Z"
"cmifeov7r03ivkgebiladbgig","Matcha Green Tea Latte","matcha-latte","Beverages","BEVERAGE","https://eje1nkkrfriueajy.public.blob.vercel-storage.com/recipes/cmifeov7r03ivkgebiladbgig.jpg","2025-11-26T09:24:57.312Z"
"cmifeom4l02ekkgebpj4069j7","Mediterranean Baked Fish en Papillote","mediterranean-baked-fish","Mediterranean","DINNER","https://eje1nkkrfriueajy.public.blob.vercel-storage.com/recipes/cmifeom4l02ekkgebpj4069j7.jpg","2025-11-26T09:25:13.005Z"
"cmifeoeo001j9kgeb1i3dvqqy","Mediterranean Baked Mahi Mahi","mediterranean-baked-mahi-mahi","Seafood","DINNER","https://eje1nkkrfriueajy.public.blob.vercel-storage.com/recipes/cmifeoeo001j9kgeb1i3dvqqy.jpg","2025-11-26T09:25:26.868Z"
"cmifeonhw02l5kgeb48knyvn9","Mediterranean Beef Kabobs","mediterranean-beef-kabobs","Lean Red Meat","DINNER","https://eje1nkkrfriueajy.public.blob.vercel-storage.com/recipes/cmifeonhw02l5kgeb48knyvn9.jpg","2025-11-26T09:25:43.804Z"
"cmifeo4bx00f7kgebffjqjqul","Mediterranean Breakfast Bowl","mediterranean-breakfast-bowl","Yogurt & Parfaits","BREAKFAST","https://eje1nkkrfriueajy.public.blob.vercel-storage.com/recipes/cmifeo4bx00f7kgebffjqjqul.jpg","2025-11-26T09:25:58.269Z"
"cmifeobi9016ikgebibd2o1i0","Mediterranean Grain Bowl","mediterranean-grain-bowl","Bowls","LUNCH","https://eje1nkkrfriueajy.public.blob.vercel-storage.com/recipes/cmifeobi9016ikgebibd2o1i0.jpg","2025-11-26T09:26:12.656Z"
"cmifeo6jq00nqkgebwz85l3ad","Mediterranean Quinoa Salad","mediterranean-quinoa-salad","Salads","LUNCH","https://eje1nkkrfriueajy.public.blob.vercel-storage.com/recipes/cmifeo6jq00nqkgebwz85l3ad.jpg","2025-11-26T09:26:26.949Z"
"cmifeodiy01eqkgebbe687c8c","Mediterranean Salmon with Tomatoes & Olives","mediterranean-salmon-tomatoes-olives","Seafood","DINNER","https://eje1nkkrfriueajy.public.blob.vercel-storage.com/recipes/cmifeodiy01eqkgebbe687c8c.jpg","2025-11-26T09:26:41.842Z"
"cmifeojdw0233kgebl52lef56","Mediterranean Stuffed Zucchini","mediterranean-stuffed-zucchini","Vegetarian & Plant-Based","DINNER","https://eje1nkkrfriueajy.public.blob.vercel-storage.com/recipes/cmifeojdw0233kgebl52lef56.jpg","2025-11-26T09:26:55.621Z"
"cmifeo9ju00zhkgebg0v9va6v","Mediterranean Turkey Wrap","mediterranean-turkey-wrap","Sandwiches & Wraps","LUNCH","https://eje1nkkrfriueajy.public.blob.vercel-storage.com/recipes/cmifeo9ju00zhkgebg0v9va6v.jpg","2025-11-26T09:27:10.901Z"
"cmifeo1oq005kkgebdkyro93r","Mediterranean Veggie Scramble","mediterranean-veggie-scramble","Eggs & Savory","BREAKFAST","https://eje1nkkrfriueajy.public.blob.vercel-storage.com/recipes/cmifeo1oq005kkgebdkyro93r.jpg","2025-11-26T09:27:24.826Z"
"cmifeo8ou00vukgebnixfq3ia","Minestrone Soup","minestrone-soup","Soups","LUNCH","https://eje1nkkrfriueajy.public.blob.vercel-storage.com/recipes/cmifeo8ou00vukgebnixfq3ia.jpg","2025-11-26T09:27:39.229Z"
"cmifeowi203oakgeb9k566dms","Mini Fruit Kabobs","mini-fruit-kabobs","Snacks to Share","SNACK","https://eje1nkkrfriueajy.public.blob.vercel-storage.com/recipes/cmifeowi203oakgeb9k566dms.jpg","2025-11-26T09:27:53.021Z"
"cmifeoegb01ibkgeb1h1vt67l","Miso Glazed Cod","miso-glazed-cod","Seafood","DINNER","https://eje1nkkrfriueajy.public.blob.vercel-storage.com/recipes/cmifeoegb01ibkgeb1h1vt67l.jpg","2025-11-26T09:28:10.352Z"
"cmifeokhx027ikgeb6d66wd2q","Miso Salmon with Bok Choy","miso-salmon-vegetables","Asian Cuisine","DINNER","https://eje1nkkrfriueajy.public.blob.vercel-storage.com/recipes/cmifeokhx027ikgeb6d66wd2q.jpg","2025-11-26T09:28:23.995Z"
"cmifeo8it00v1kgeb6b19c0rt","Moroccan Chickpea Stew","moroccan-chickpea-stew","Soups","LUNCH","https://eje1nkkrfriueajy.public.blob.vercel-storage.com/recipes/cmifeo8it00v1kgeb6b19c0rt.jpg","2025-11-26T09:28:37.815Z"
"cmifeojp3024kkgebsyba5wsh","Mushroom Stroganoff","mushroom-stroganoff","Vegetarian & Plant-Based","DINNER","https://eje1nkkrfriueajy.public.blob.vercel-storage.com/recipes/cmifeojp3024kkgebsyba5wsh.jpg","2025-11-26T09:28:51.875Z"
"cmifeosfj0361kgeb2rsundix","No-Bake Oat Energy Bites","no-bake-energy-bites","Energy Bites","SNACK","https://eje1nkkrfriueajy.public.blob.vercel-storage.com/recipes/cmifeosfj0361kgeb2rsundix.jpg","2025-11-26T09:29:05.615Z"
"cmifeo4pv00gskgebzpzs6esn","Oat Flour Banana Pancakes","oat-flour-banana-pancakes","Pancakes, Waffles & Toast","BREAKFAST","https://eje1nkkrfriueajy.public.blob.vercel-storage.com/recipes/cmifeo4pv00gskgebzpzs6esn.jpg","2025-11-26T09:29:20.344Z"
"cmifeorh9032jkgebl8v4v1sz","Olives & Feta","olives-feta-snack","Quick Grab Snacks","SNACK","https://eje1nkkrfriueajy.public.blob.vercel-storage.com/recipes/cmifeorh9032jkgebl8v4v1sz.jpg","2025-11-26T09:29:34.375Z"
"cmifeohog01vtkgebp0uiow2g","One-Pan Chicken Fajitas","one-pan-chicken-fajitas","Poultry","DINNER","https://eje1nkkrfriueajy.public.blob.vercel-storage.com/recipes/cmifeohog01vtkgebp0uiow2g.jpg","2025-11-26T09:29:48.445Z"
"cmifeopdn02tvkgeb11yf66cb","One-Pot Pasta Primavera","one-pot-pasta-primavera","Family Favorites","DINNER","https://eje1nkkrfriueajy.public.blob.vercel-storage.com/recipes/cmifeopdn02tvkgeb11yf66cb.jpg","2025-11-26T09:30:02.759Z"
"cmifeo0m40026kgeb4xea1qdz","Overnight Berry Oats","overnight-berry-oats","Oats & Grains","BREAKFAST","https://eje1nkkrfriueajy.public.blob.vercel-storage.com/recipes/cmifeo0m40026kgeb4xea1qdz.jpg","2025-11-26T09:30:16.535Z"
"cmifeol8h02a5kgebovfhygw3","Palak Paneer (Spinach with Cheese)","palak-paneer","Indian Cuisine","DINNER","https://eje1nkkrfriueajy.public.blob.vercel-storage.com/recipes/cmifeol8h02a5kgebovfhygw3.jpg","2025-11-26T09:30:31.113Z"
"cmifeoo3102o3kgebekkld1h9","Pan-Seared Duck Breast with Cherry Sauce","pan-seared-duck-breast-cherry-sauce","Date Night","DINNER","https://eje1nkkrfriueajy.public.blob.vercel-storage.com/recipes/cmifeoo3102o3kgebekkld1h9.jpg","2025-11-26T09:30:45.103Z"
"cmifeoeaa01htkgeb0je87og5","Pan-Seared Halibut with Lemon Caper Sauce","pan-seared-halibut-lemon-caper","Seafood","DINNER","https://eje1nkkrfriueajy.public.blob.vercel-storage.com/recipes/cmifeoeaa01htkgeb0je87og5.jpg","2025-11-26T09:31:00.070Z"
"cmifeoux303hwkgebucueea73","Peanut Butter Banana Nice Cream","peanut-butter-banana-ice-cream","Sweet Treats","SNACK","https://eje1nkkrfriueajy.public.blob.vercel-storage.com/recipes/cmifeoux303hwkgebucueea73.jpg","2025-11-26T09:31:14.040Z"
"cmifeo44800e6kgeb9f9iu560","Peanut Butter Banana Smoothie","peanut-butter-banana-smoothie","Smoothies & Bowls","BREAKFAST","https://eje1nkkrfriueajy.public.blob.vercel-storage.com/recipes/cmifeo44800e6kgeb9f9iu560.jpg","2025-11-26T09:31:29.942Z"
"cmifeon4102j6kgebjml9nza7","Persian Herb Rice (Sabzi Polo) with Fish","persian-herb-rice-with-fish","Middle Eastern","DINNER","https://eje1nkkrfriueajy.public.blob.vercel-storage.com/recipes/cmifeon4102j6kgebjml9nza7.jpg","2025-11-26T09:31:45.860Z"
"cmifeocwe01btkgebtjkdp823","Pizza Bagels (Whole Grain)","pizza-bagels","Family Favorites","LUNCH","https://eje1nkkrfriueajy.public.blob.vercel-storage.com/recipes/cmifeocwe01btkgebtjkdp823.jpg","2025-11-26T09:32:00.525Z"
"cmifeobd8015ukgebhg7fglnq","Poke Bowl (Salmon)","salmon-poke-bowl","Bowls","LUNCH","https://eje1nkkrfriueajy.public.blob.vercel-storage.com/recipes/cmifeobd8015ukgebhg7fglnq.jpg","2025-11-26T09:32:14.757Z"
"cmifeosu3037wkgeb4uk1vcjl","Protein Power Balls","protein-power-balls","Energy Bites","SNACK","https://eje1nkkrfriueajy.public.blob.vercel-storage.com/recipes/cmifeosu3037wkgeb4uk1vcjl.jpg","2025-11-26T09:32:28.927Z"
"cmifeowac03ndkgebd6ccapfl","Rainbow Veggie Tray","rainbow-veggie-tray","Snacks to Share","SNACK","https://eje1nkkrfriueajy.public.blob.vercel-storage.com/recipes/cmifeowac03ndkgebd6ccapfl.jpg","2025-11-26T09:32:43.261Z"
"cmifeoiw80218kgeb22y4ilj6","Red Lentil Dal","red-lentil-dal","Vegetarian & Plant-Based","DINNER","https://eje1nkkrfriueajy.public.blob.vercel-storage.com/recipes/cmifeoiw80218kgeb22y4ilj6.jpg","2025-11-26T09:32:57.320Z"
"cmifeo57500iwkgebbwdfipl3","Ricotta Toast with Honey & Figs","ricotta-toast-with-figs","Pancakes, Waffles & Toast","BREAKFAST","https://eje1nkkrfriueajy.public.blob.vercel-storage.com/recipes/cmifeo57500iwkgebbwdfipl3.jpg","2025-11-26T09:33:11.324Z"
"cmifeo71700pckgebwtklxo26","Roasted Beet & Goat Cheese Salad","roasted-beet-goat-cheese-salad","Salads","LUNCH","https://eje1nkkrfriueajy.public.blob.vercel-storage.com/recipes/cmifeo71700pckgebwtklxo26.jpg","2025-11-26T09:33:25.525Z"
"cmifeotc703aakgebcllbk9b7","Roasted Red Pepper Hummus","roasted-red-pepper-hummus","Savory Snacks","SNACK","https://eje1nkkrfriueajy.public.blob.vercel-storage.com/recipes/cmifeotc703aakgebcllbk9b7.jpg","2025-11-26T09:33:39.831Z"
"cmifeo95n00yckgebqvbxwmmo","Roasted Tomato Basil Soup","roasted-tomato-basil-soup","Soups","LUNCH","https://eje1nkkrfriueajy.public.blob.vercel-storage.com/recipes/cmifeo95n00yckgebqvbxwmmo.jpg","2025-11-26T09:33:53.903Z"
"cmifeoqro02zmkgebycjylkh0","Rotisserie Chicken Dinner","rotisserie-chicken-meal","Family Favorites","DINNER","https://eje1nkkrfriueajy.public.blob.vercel-storage.com/recipes/cmifeoqro02zmkgebycjylkh0.jpg","2025-11-26T09:34:10.117Z"
"cmifeoqak02xmkgeb5agqqbkw","Salmon Burgers with Avocado","salmon-burgers","Family Favorites","DINNER","https://eje1nkkrfriueajy.public.blob.vercel-storage.com/recipes/cmifeoqak02xmkgeb5agqqbkw.jpg","2025-11-26T09:34:23.952Z"
"cmifeox2s03r4kgebqendit3k","Salmon Jerky","salmon-jerky","Protein Snacks","SNACK","https://eje1nkkrfriueajy.public.blob.vercel-storage.com/recipes/cmifeox2s03r4kgebqendit3k.jpg","2025-11-26T09:34:40.126Z"
"cmifeo68c00mekgebihz6hqbq","Salmon Niçoise Salad","salmon-nicoise-salad","Salads","LUNCH","https://eje1nkkrfriueajy.public.blob.vercel-storage.com/recipes/cmifeo68c00mekgebihz6hqbq.jpg","2025-11-26T09:34:53.910Z"
"cmifeo9pt0104kgebjhdhdoh7","Salmon Salad Sandwich","salmon-salad-sandwich","Sandwiches & Wraps","LUNCH","https://eje1nkkrfriueajy.public.blob.vercel-storage.com/recipes/cmifeo9pt0104kgebjhdhdoh7.jpg","2025-11-26T09:35:07.904Z"
"cmifeo0vg002wkgebr0syq4hv","Savory Oat Bowl","savory-oat-bowl","Oats & Grains","BREAKFAST","https://eje1nkkrfriueajy.public.blob.vercel-storage.com/recipes/cmifeo0vg002wkgebr0syq4hv.jpg","2025-11-26T09:35:22.355Z"
"cmifeo9dp00yykgebb5rhj59f","Seafood Chowder (Lightened)","seafood-chowder","Soups","LUNCH","https://eje1nkkrfriueajy.public.blob.vercel-storage.com/recipes/cmifeo9dp00yykgebb5rhj59f.jpg","2025-11-26T09:35:37.083Z"
"cmifeof3p01kukgebha3ajf2y","Seared Scallops with Cauliflower Purée","seared-scallops-cauliflower-puree","Seafood","DINNER","https://eje1nkkrfriueajy.public.blob.vercel-storage.com/recipes/cmifeof3p01kukgebha3ajf2y.jpg","2025-11-26T09:35:53.429Z"
"cmifeo1wx006ekgebzwz1ab3h","Shakshuka (Eggs in Tomato Sauce)","shakshuka","Eggs & Savory","BREAKFAST","https://eje1nkkrfriueajy.public.blob.vercel-storage.com/recipes/cmifeo1wx006ekgebzwz1ab3h.jpg","2025-11-26T09:36:09.282Z"
"cmifeols102d2kgebqzc6oz5y","Shakshuka with Feta & Herbs","shakshuka-with-feta","Mediterranean","DINNER","https://eje1nkkrfriueajy.public.blob.vercel-storage.com/recipes/cmifeols102d2kgebqzc6oz5y.jpg","2025-11-26T09:36:22.715Z"
"cmifeopni02uzkgebu8qctubc","Sheet Pan Nachos (Healthified)","sheet-pan-nachos","Family Favorites","DINNER","https://eje1nkkrfriueajy.public.blob.vercel-storage.com/recipes/cmifeopni02uzkgebu8qctubc.jpg","2025-11-26T09:36:37.280Z"
"cmifeodsl01fskgebyos8mcow","Sheet Pan Salmon & Asparagus","sheet-pan-salmon-asparagus","Seafood","DINNER","https://eje1nkkrfriueajy.public.blob.vercel-storage.com/recipes/cmifeodsl01fskgebyos8mcow.jpg","2025-11-26T09:36:51.443Z"
"cmifeomrf02hpkgeb2r4z1uel","Shrimp Ceviche","shrimp-ceviche","Mexican/Latin","DINNER","https://eje1nkkrfriueajy.public.blob.vercel-storage.com/recipes/cmifeomrf02hpkgeb2r4z1uel.jpg","2025-11-26T09:37:05.412Z"
"cmifeox7603rmkgeb6eojodgn","Shrimp Cocktail","shrimp-cocktail","Protein Snacks","SNACK","https://eje1nkkrfriueajy.public.blob.vercel-storage.com/recipes/cmifeox7603rmkgeb6eojodgn.jpg","2025-11-26T09:37:21.404Z"
"cmifeoksi028kkgebzo3iii4p","Shrimp Fried Cauliflower Rice","shrimp-fried-cauliflower-rice","Asian Cuisine","DINNER","https://eje1nkkrfriueajy.public.blob.vercel-storage.com/recipes/cmifeoksi028kkgebzo3iii4p.jpg","2025-11-26T09:37:32.718Z"
"cmifeof7i01lckgebj75kziu8","Shrimp Scampi with Whole Wheat Linguine","shrimp-scampi-whole-wheat-linguine","Seafood","DINNER","https://eje1nkkrfriueajy.public.blob.vercel-storage.com/recipes/cmifeof7i01lckgebj75kziu8.jpg","2025-11-26T09:37:48.546Z"
"cmifeomol02h8kgebzv74gztp","Slow Cooker Carnitas (Lightened)","carnitas-lettuce-tacos","Mexican/Latin","DINNER","https://eje1nkkrfriueajy.public.blob.vercel-storage.com/recipes/cmifeomol02h8kgebzv74gztp.jpg","2025-11-26T09:37:59.123Z"
"cmifeonnf02m2kgebng4cvztm","Slow Cooker Chicken Vegetable Soup","slow-cooker-chicken-vegetable-soup","Slow Cooker","DINNER","https://eje1nkkrfriueajy.public.blob.vercel-storage.com/recipes/cmifeonnf02m2kgebng4cvztm.jpg","2025-11-26T09:38:11.510Z"
"cmifeonua02mykgeb2mbt2br8","Slow Cooker Turkey Chili","slow-cooker-turkey-chili","Slow Cooker","DINNER","https://eje1nkkrfriueajy.public.blob.vercel-storage.com/recipes/cmifeonua02mykgeb2mbt2br8.jpg","2025-11-26T09:38:24.299Z"
"cmifeo38j00avkgeb5ytooofg","Smoked Salmon Eggs Benedict (Lightened)","smoked-salmon-eggs-benedict","Eggs & Savory","BREAKFAST","https://eje1nkkrfriueajy.public.blob.vercel-storage.com/recipes/cmifeo38j00avkgeb5ytooofg.jpg","2025-11-26T09:38:35.581Z"
"cmifeorz2034bkgebzqsogjav","Smoked Salmon on Cucumber","smoked-salmon-cucumber-rounds","Quick Grab Snacks","SNACK","https://eje1nkkrfriueajy.public.blob.vercel-storage.com/recipes/cmifeorz2034bkgebzqsogjav.jpg","2025-11-26T09:38:53.049Z"
"cmifeow3a03mskgebspbcv6re","Smoothie Bowls","smoothie-bowls","Snacks to Share","SNACK","https://eje1nkkrfriueajy.public.blob.vercel-storage.com/recipes/cmifeow3a03mskgebspbcv6re.jpg","2025-11-26T09:39:06.418Z"
"cmifeo7dp00qikgebqsclao5d","Southwest Black Bean Salad","southwest-black-bean-salad","Salads","LUNCH","https://eje1nkkrfriueajy.public.blob.vercel-storage.com/recipes/cmifeo7dp00qikgebqsclao5d.jpg","2025-11-26T09:39:22.480Z"
"cmifeoot702r8kgebfp9htmmo","Spaghetti & Turkey Meatballs","spaghetti-turkey-meatballs","Family Favorites","DINNER","https://eje1nkkrfriueajy.public.blob.vercel-storage.com/recipes/cmifeoot702r8kgebfp9htmmo.jpg","2025-11-26T09:39:35.752Z"
"cmifeo22e006xkgebu6tnojwt","Spinach & Mushroom Frittata","spinach-mushroom-frittata","Eggs & Savory","BREAKFAST","https://eje1nkkrfriueajy.public.blob.vercel-storage.com/recipes/cmifeo22e006xkgebu6tnojwt.jpg","2025-11-26T09:39:47.617Z"
"cmifeojka0241kgebh7l50xxk","Spinach & Ricotta Stuffed Shells","spinach-ricotta-stuffed-shells","Vegetarian & Plant-Based","DINNER","https://eje1nkkrfriueajy.public.blob.vercel-storage.com/recipes/cmifeojka0241kgebh7l50xxk.jpg","2025-11-26T09:40:03.064Z"
"cmifeo7hs00r5kgeb7yvmah3x","Strawberry Spinach Salad","strawberry-spinach-salad","Salads","LUNCH","https://eje1nkkrfriueajy.public.blob.vercel-storage.com/recipes/cmifeo7hs00r5kgeb7yvmah3x.jpg","2025-11-26T09:40:15.998Z"
"cmifeosag035okgeb0hznyaln","String Cheese with Grapes","string-cheese-and-grapes","Quick Grab Snacks","SNACK","https://eje1nkkrfriueajy.public.blob.vercel-storage.com/recipes/cmifeosag035okgeb0hznyaln.jpg","2025-11-26T09:40:28.290Z"
"cmifeom8e02f7kgeb62k5gjxr","Stuffed Grape Leaves (Dolmas)","stuffed-grape-leaves","Mediterranean","DINNER","https://eje1nkkrfriueajy.public.blob.vercel-storage.com/recipes/cmifeom8e02f7kgeb62k5gjxr.jpg","2025-11-26T09:40:40.843Z"
"cmifeotkw03bbkgebatfsg3dm","Stuffed Mini Peppers","stuffed-mini-peppers","Savory Snacks","SNACK","https://eje1nkkrfriueajy.public.blob.vercel-storage.com/recipes/cmifeotkw03bbkgebatfsg3dm.jpg","2025-11-26T09:40:55.098Z"
"cmifeoif301z8kgeb0cq021z8","Stuffed Portobello Mushrooms","stuffed-portobello-mushrooms","Vegetarian & Plant-Based","DINNER","https://eje1nkkrfriueajy.public.blob.vercel-storage.com/recipes/cmifeoif301z8kgeb0cq021z8.jpg","2025-11-26T09:41:08.887Z"
"cmifeoomh02q4kgeb5yrcnkcv","Stuffed Salmon with Crab & Spinach","stuffed-salmon-with-crab","Date Night","DINNER","https://eje1nkkrfriueajy.public.blob.vercel-storage.com/recipes/cmifeoomh02q4kgeb5yrcnkcv.jpg","2025-11-26T09:41:22.954Z"
"cmifeo32r00abkgebf0gz3e0c","Sweet Potato & Kale Hash with Eggs","sweet-potato-kale-hash","Eggs & Savory","BREAKFAST","https://eje1nkkrfriueajy.public.blob.vercel-storage.com/recipes/cmifeo32r00abkgebf0gz3e0c.jpg","2025-11-26T09:41:36.648Z"
"cmifeo4xj00hvkgebp1v6ya2l","Sweet Potato Toast","sweet-potato-toast","Pancakes, Waffles & Toast","BREAKFAST","https://eje1nkkrfriueajy.public.blob.vercel-storage.com/recipes/cmifeo4xj00hvkgebp1v6ya2l.jpg","2025-11-26T09:41:47.367Z"
"cmifeolfa02aqkgeb39ovrvl5","Tandoori Chicken","tandoori-chicken","Indian Cuisine","DINNER","https://eje1nkkrfriueajy.public.blob.vercel-storage.com/recipes/cmifeolfa02aqkgeb39ovrvl5.jpg","2025-11-26T09:42:00.228Z"
"cmifeovmx03kpkgeb7kaor96d","Tart Cherry Recovery Smoothie","cherry-tart-smoothie","Beverages","BEVERAGE","https://eje1nkkrfriueajy.public.blob.vercel-storage.com/recipes/cmifeovmx03kpkgeb7kaor96d.jpg","2025-11-26T09:42:11.541Z"
"cmifeoipp020akgebmkc4whza","Tempeh Buddha Bowl","tempeh-buddha-bowl","Vegetarian & Plant-Based","DINNER","https://eje1nkkrfriueajy.public.blob.vercel-storage.com/recipes/cmifeoipp020akgebmkc4whza.jpg","2025-11-26T09:42:26.781Z"
"cmifeoq3002wlkgebrwmmoyny","Teriyaki Chicken Bowls","teriyaki-chicken-bowls","Family Favorites","DINNER","https://eje1nkkrfriueajy.public.blob.vercel-storage.com/recipes/cmifeoq3002wlkgebrwmmoyny.jpg","2025-11-26T09:42:37.831Z"
"cmifeobrw017mkgebkkbr5yeg","Teriyaki Salmon Bowl","teriyaki-salmon-bowl","Bowls","LUNCH","https://eje1nkkrfriueajy.public.blob.vercel-storage.com/recipes/cmifeobrw017mkgebkkbr5yeg.jpg","2025-11-26T09:42:52.101Z"
"cmifeojuv0254kgebcfq2dpkr","Thai Basil Chicken (Pad Krapow Gai)","thai-basil-chicken","Asian Cuisine","DINNER","https://eje1nkkrfriueajy.public.blob.vercel-storage.com/recipes/cmifeojuv0254kgebcfq2dpkr.jpg","2025-11-26T09:43:05.828Z"
"cmifeofbk01ltkgebv7feh932","Thai Coconut Mussels","thai-coconut-mussels","Seafood","DINNER","https://eje1nkkrfriueajy.public.blob.vercel-storage.com/recipes/cmifeofbk01ltkgebv7feh932.jpg","2025-11-26T09:43:21.170Z"
"cmifeokzl0295kgeb2zb57n6g","Thai Green Curry with Chicken","thai-green-curry-chicken","Asian Cuisine","DINNER","https://eje1nkkrfriueajy.public.blob.vercel-storage.com/recipes/cmifeokzl0295kgeb2zb57n6g.jpg","2025-11-26T09:43:32.789Z"
"cmifeo7ue00s7kgeb9o33bgh0","Thai Peanut Crunch Salad","thai-peanut-crunch-salad","Salads","LUNCH","https://eje1nkkrfriueajy.public.blob.vercel-storage.com/recipes/cmifeo7ue00s7kgeb9o33bgh0.jpg","2025-11-26T09:43:48.587Z"
"cmifeo5t500l2kgebn5tz50j5","Trail Mix Breakfast Jar","trail-mix-breakfast-jar","Quick & Simple","BREAKFAST","https://eje1nkkrfriueajy.public.blob.vercel-storage.com/recipes/cmifeo5t500l2kgebn5tz50j5.jpg","2025-11-26T09:44:03.281Z"
"cmifeo3ox00cjkgeb7siqedmr","Tropical Anti-Inflammatory Smoothie","tropical-anti-inflammatory-smoothie","Smoothies & Bowls","BREAKFAST","https://eje1nkkrfriueajy.public.blob.vercel-storage.com/recipes/cmifeo3ox00cjkgeb7siqedmr.jpg","2025-11-26T09:44:19.763Z"
"cmifeoftq01nqkgebk4fcecb7","Trout Almondine","trout-almondine","Seafood","DINNER","https://eje1nkkrfriueajy.public.blob.vercel-storage.com/recipes/cmifeoftq01nqkgebk4fcecb7.jpg","2025-11-26T09:44:31.651Z"
"cmifeo77c00pvkgeb05jvw4tm","Tuna & White Bean Salad","tuna-white-bean-salad","Salads","LUNCH","https://eje1nkkrfriueajy.public.blob.vercel-storage.com/recipes/cmifeo77c00pvkgeb05jvw4tm.jpg","2025-11-26T09:44:45.910Z"
"cmifeoas3013kkgebqf6u6xkw","Tuna Melt (Open-Faced)","tuna-melt","Sandwiches & Wraps","LUNCH","https://eje1nkkrfriueajy.public.blob.vercel-storage.com/recipes/cmifeoas3013kkgebqf6u6xkw.jpg","2025-11-26T09:44:57.479Z"
"cmifeotnb03bqkgeb1okqafjy","Tuna Salad Lettuce Cups","tuna-salad-lettuce-cups","Savory Snacks","SNACK","https://eje1nkkrfriueajy.public.blob.vercel-storage.com/recipes/cmifeotnb03bqkgeb1okqafjy.jpg","2025-11-26T09:45:09.066Z"
"cmifeorv3033vkgebwzt6d7di","Turkey & Cheese Roll-Ups","turkey-roll-ups","Quick Grab Snacks","SNACK","https://eje1nkkrfriueajy.public.blob.vercel-storage.com/recipes/cmifeorv3033vkgebwzt6d7di.jpg","2025-11-26T09:45:20.522Z"
"cmifeocqa01b9kgebk38m3fhc","Turkey Meatball Subs","turkey-meatball-subs","Family Favorites","LUNCH","https://eje1nkkrfriueajy.public.blob.vercel-storage.com/recipes/cmifeocqa01b9kgebk38m3fhc.jpg","2025-11-26T09:45:32.586Z"
"cmifeoh9z01u8kgebe3ruip5e","Turkey Meatloaf with Oat Flour","turkey-meatloaf","Poultry","DINNER","https://eje1nkkrfriueajy.public.blob.vercel-storage.com/recipes/cmifeoh9z01u8kgebe3ruip5e.jpg","2025-11-26T09:45:48.230Z"
"cmifeopse02vhkgebufymdw71","Turkey Sloppy Joes","turkey-sloppy-joes","Family Favorites","DINNER","https://eje1nkkrfriueajy.public.blob.vercel-storage.com/recipes/cmifeopse02vhkgebufymdw71.jpg","2025-11-26T09:46:00.725Z"
"cmifeogjr01r3kgebcqdnjrhb","Turkey Stuffed Bell Peppers","turkey-stuffed-bell-peppers","Poultry","DINNER","https://eje1nkkrfriueajy.public.blob.vercel-storage.com/recipes/cmifeogjr01r3kgebcqdnjrhb.jpg","2025-11-26T09:46:13.330Z"
"cmifeogg201qakgebppt1wm6g","Turkey Taco Lettuce Wraps","turkey-taco-lettuce-wraps","Poultry","DINNER","https://eje1nkkrfriueajy.public.blob.vercel-storage.com/recipes/cmifeogg201qakgebppt1wm6g.jpg","2025-11-26T09:46:26.005Z"
"cmifeon6k02jmkgebjd6fbauj","Turkish Red Lentil Soup (Mercimek)","turkish-lentil-soup","Middle Eastern","DINNER","https://eje1nkkrfriueajy.public.blob.vercel-storage.com/recipes/cmifeon6k02jmkgebjd6fbauj.jpg","2025-11-26T09:46:38.607Z"
"cmifeosnj036zkgebxcqy3om4","Turmeric Ginger Energy Bites","turmeric-ginger-energy-bites","Energy Bites","SNACK","https://eje1nkkrfriueajy.public.blob.vercel-storage.com/recipes/cmifeosnj036zkgebxcqy3om4.jpg","2025-11-26T09:46:50.767Z"
"cmifeoxg803sykgeblclfcsk9","Turmeric Golden Hummus","turmeric-hummus","Anti-Inflammatory Snacks","SNACK","https://eje1nkkrfriueajy.public.blob.vercel-storage.com/recipes/cmifeoxg803sykgeblclfcsk9.jpg","2025-11-26T09:47:04.627Z"
"cmifeo86t00tfkgebip3ecom1","Tuscan White Bean & Kale Soup","tuscan-white-bean-kale-soup","Soups","LUNCH","https://eje1nkkrfriueajy.public.blob.vercel-storage.com/recipes/cmifeo86t00tfkgebip3ecom1.jpg","2025-11-26T09:47:16.142Z"
"cmifeot1k038tkgebupsryph5","Tuscan White Bean Dip","white-bean-dip","Savory Snacks","SNACK","https://eje1nkkrfriueajy.public.blob.vercel-storage.com/recipes/cmifeot1k038tkgebupsryph5.jpg","2025-11-26T09:47:27.031Z"
"cmifeot85039skgebq7ukf2u6","Tzatziki with Whole Wheat Pita","tzatziki-with-pita","Savory Snacks","SNACK","https://eje1nkkrfriueajy.public.blob.vercel-storage.com/recipes/cmifeot85039skgebq7ukf2u6.jpg","2025-11-26T09:47:39.148Z"
"cmifeoj5q021vkgeb6b7l3531","Vegetable Pad Thai with Tofu","vegetable-pad-thai","Vegetarian & Plant-Based","DINNER","https://eje1nkkrfriueajy.public.blob.vercel-storage.com/recipes/cmifeoj5q021vkgeb6b7l3531.jpg","2025-11-26T09:47:50.738Z"
"cmifeod6a01d0kgeb13i6vkmi","Veggie Fried Rice","veggie-fried-rice","Family Favorites","LUNCH","https://eje1nkkrfriueajy.public.blob.vercel-storage.com/recipes/cmifeod6a01d0kgeb13i6vkmi.jpg","2025-11-26T09:48:02.445Z"
"cmifeokc3026ykgebaburqrdm","Vietnamese Beef Pho","vietnamese-pho","Asian Cuisine","DINNER","https://eje1nkkrfriueajy.public.blob.vercel-storage.com/recipes/cmifeokc3026ykgebaburqrdm.jpg","2025-11-26T09:48:14.066Z"
"cmifeoxm903twkgeb5k0nxz4c","Walnut Cherry Bites","walnut-cherry-bites","Anti-Inflammatory Snacks","SNACK","https://eje1nkkrfriueajy.public.blob.vercel-storage.com/recipes/cmifeoxm903twkgeb5k0nxz4c.jpg","2025-11-26T09:48:25.231Z"
"cmifeowwl03q9kgeb70dvhjg1","Watermelon Feta Bites","watermelon-feta-bites","Snacks to Share","SNACK","https://eje1nkkrfriueajy.public.blob.vercel-storage.com/recipes/cmifeowwl03q9kgeb70dvhjg1.jpg","2025-11-26T09:48:37.942Z"
"cmifeojgh023kkgeb5u3y2aom","White Bean & Kale Skillet","white-bean-kale-skillet","Vegetarian & Plant-Based","DINNER","https://eje1nkkrfriueajy.public.blob.vercel-storage.com/recipes/cmifeojgh023kkgeb5u3y2aom.jpg","2025-11-26T09:48:49.005Z"
"cmifeo5j500k9kgeb88shsjwj","Whole Grain Cereal with Berries","high-fiber-cereal-berries","Quick & Simple","BREAKFAST","https://eje1nkkrfriueajy.public.blob.vercel-storage.com/recipes/cmifeo5j500k9kgeb88shsjwj.jpg","2025-11-26T09:49:00.239Z"
"cmifeo51400idkgebane13wzc","Whole Grain Waffles with Berry Compote","whole-grain-waffles-berry-compote","Pancakes, Waffles & Toast","BREAKFAST","https://eje1nkkrfriueajy.public.blob.vercel-storage.com/recipes/cmifeo51400idkgebane13wzc.jpg","2025-11-26T09:49:11.730Z"
"cmifeowls03opkgeb5wira5pk","Whole Wheat Pretzel Bites","whole-wheat-pretzel-bites","Snacks to Share","SNACK","https://eje1nkkrfriueajy.public.blob.vercel-storage.com/recipes/cmifeowls03opkgeb5wira5pk.jpg","2025-11-26T09:49:24.700Z"
"cmifeou5l03dpkgebub025zti","Yogurt Bark","yogurt-bark","Sweet Treats","SNACK","https://eje1nkkrfriueajy.public.blob.vercel-storage.com/recipes/cmifeou5l03dpkgebub025zti.jpg","2025-11-26T09:49:36.470Z"
"cmifeo2wp009nkgeby6sqahth","Zucchini Egg Muffins","zucchini-egg-muffins","Eggs & Savory","BREAKFAST","https://eje1nkkrfriueajy.public.blob.vercel-storage.com/recipes/cmifeo2wp009nkgeby6sqahth.jpg","2025-11-26T09:49:49.306Z"
"cmifeoqde02y2kgeb8tqwqxc6","Zucchini Lasagna","zucchini-lasagna","Family Favorites","DINNER","https://eje1nkkrfriueajy.public.blob.vercel-storage.com/recipes/cmifeoqde02y2kgeb8tqwqxc6.jpg","2025-11-26T09:50:01.837Z"
"cmifeowpa03p9kgebirorutjq","Zucchini Pizza Bites","zucchini-pizza-bites","Snacks to Share","SNACK","https://eje1nkkrfriueajy.public.blob.vercel-storage.com/recipes/cmifeowpa03p9kgebirorutjq.jpg","2025-11-26T09:50:15.509Z"